feature,importance
Str_Acc_diff,20.154645919799805
SApM_diff,14.160873413085938
SLpM_diff,12.338028907775879
age_diff,9.213430404663086
TD_Def_diff,8.024516105651855
TD_Avg_diff,7.537498474121094
Str_Def_diff,6.172596454620361
reach_diff,6.097395896911621
weight_diff,5.827518463134766
Sub_Avg_diff,5.734665393829346
TD_Acc_diff,4.855759620666504
height_diff,3.9898271560668945
